<?xml version="1.0" encoding="UTF-8" ?>
<!DOCTYPE mapper
        PUBLIC "-//mybatis.org//DTD Mapper 3.0//EN"
        "http://mybatis.org/dtd/mybatis-3-mapper.dtd">
<mapper namespace="com.qiang.modules.sys.mapper.CommentMapper">

    <resultMap id="com" type="Comment">
        <id column="id" property="id"/>
        <result column="userId" property="userId"/>
        <result column="blogId" property="blogId"/>
        <result column="message" property="message"/>
        <result column="createTime" property="createTime"/>
        <result column="likes" property="likes"/>
        <result column="authorName" property="authorName"/>
        <result column="isRead" property="isRead"/>
        <collection property="reportComments" ofType="ReportComment">
            <id column="rid" property="rid"/>
            <result column="commentId" property="commentId"/>
            <result column="repMess" property="repMess"/>
            <result column="reportedId" property="reportedId"/>
            <result column="rcreateTime" property="rcreateTime"/>
            <result column="risRead" property="risRead"/>
            <result column="repName" property="repName"/>
            <result column="comName" property="comName"/>
        </collection>
    </resultMap>

    <insert id="insComment" parameterType="Comment">
        insert into
         comment
          values (#{id}, #{userId}, #{blogId}, #{message}, #{createTime}, #{likes}, #{isRead}, #{authorName})
    </insert>

    <select id="findByBlogIdAndPid" resultMap="com" parameterType="Long">
      SELECT c.*, r.*
      from comment c
      LEFT JOIN reportcomment r on c.id = r.commentId
      where c.blogId = #{arg0}
      order by c.id desc, r.rid desc
    </select>

    <insert id="insRepComment" parameterType="ReportComment">
        insert  into
        reportcomment
        values (#{rid}, #{commentId}, #{repMess}, #{reportedId}, #{rcreateTime}, #{risRead}, #{repName}, #{comName})
    </insert>

    <insert id="insCommIsLikes" parameterType="CommentLikes">
        insert into
        commentlikes
        values (#{id}, #{blogId}, #{commentId}, #{likeName}, #{likeTime}, #{isRead})
    </insert>

    <select id="getUserRepMessNotRead" parameterType="String" resultType="ReportCommentVO">
        select r.*, b.id as blogId, b.title title
        from reportcomment r
        INNER JOIN comment c on r.commentId = c.id
        INNER JOIN blog b on c.blogId = b.id
        where r.comName = #{arg0} order by r.rid desc
    </select>

    <update id="updComIsRead" parameterType="java.util.List">
        update reportcomment r
        set r.risRead = 0
        where rid in
        <foreach collection="list" item="item" index="index" open="(" close=")" separator=",">
            #{item}
        </foreach>
    </update>



</mapper>